Version,VersionDate,InstalledDate,Author,AuthorCompany,AuthorEmail
1.00,2015-07-16 00:00:00,2015-07-16 00:00:00,Peter Myers,Bitwise Solutions,peter.myers@bitwisesolutions.com.au
1.01,2015-08-29 00:00:00,2015-08-29 00:00:00,Peter Myers,Bitwise Solutions,peter.myers@bitwisesolutions.com.au
1.02,2016-07-18 13:45:00,2016-07-17 20:42:00,Peter Myers,Bitwise Solutions,peter.myers@bitwisesolutions.com.au
1.03,2017-12-22 16:20:00,2018-01-05 18:07:00,Peter Myers,Bitwise Solutions,peter.myers@bitwisesolutions.com.au
1.04,2018-06-28 16:10:00,2018-06-10 18:11:00,Peter Myers,Bitwise Solutions,peter.myers@bitwisesolutions.com.au
1.04.1,2019-06-14 09:00:00,2019-12-28 22:31:00,Peter Myers,Bitwise Solutions,peter.myers@bitwisesolutions.com.au
1.05,2019-12-28 22:30:00,2019-12-28 22:32:00,Peter Myers,Bitwise Solutions,peter.myers@bitwisesolutions.com.au
1.06,2020-12-05 10:00:00,2020-12-05 10:02:00,Peter Myers,Bitwise Solutions,peter.myers@bitwisesolutions.com.au
