AccountKey,ParentAccountKey,AccountCodeAlternateKey,ParentAccountCodeAlternateKey,AccountDescription,AccountType,Operator,CustomMemberExpression,EmployeeKey_FinancialController
1,,1,,Balance Sheet,Balances,~,,142.0
2,1.0,10,1.0,Assets,Assets,+,,182.0
3,2.0,110,10.0,Current Assets,Assets,+,,182.0
4,3.0,1110,110.0,Cash,Assets,+,,182.0
5,3.0,1120,110.0,Receivables,Assets,+,,182.0
6,5.0,1130,1120.0,Trade Receivables,Assets,+,,182.0
7,5.0,1140,1120.0,Other Receivables,Assets,+,,182.0
8,3.0,1150,110.0,Allowance for Bad Debt,Assets,+,,182.0
9,3.0,1160,110.0,Inventory,Assets,+,,182.0
10,9.0,1162,1160.0,Raw Materials,Assets,+,,182.0
11,9.0,1164,1160.0,Work in Process,Assets,+,,182.0
12,9.0,1166,1160.0,Finished Goods,Assets,+,,182.0
13,3.0,1170,110.0,Deferred Taxes,Assets,+,,182.0
14,3.0,1180,110.0,Prepaid Expenses,Assets,+,,182.0
15,3.0,1185,110.0,Intercompany Receivables,Assets,+,,182.0
17,2.0,1200,10.0,"Property, Plant, Equipment",Assets,+,,182.0
18,17.0,1210,1200.0,Land & Improvements,Assets,+,,182.0
19,17.0,1220,1200.0,Buildings & Improvements,Assets,+,,182.0
20,17.0,1230,1200.0,Machinery & Equipment,Assets,+,,182.0
21,17.0,1240,1200.0,Office Furniture & Equipment,Assets,+,,182.0
22,17.0,1250,1200.0,Leasehold Improvements,Assets,+,,182.0
23,17.0,1260,1200.0,Construction In Progress,Assets,+,,182.0
24,2.0,1300,10.0,Other Assets,Assets,+,,182.0
25,1.0,20,1.0,Liabilities and Owners Equity,Liabilities,-,,182.0
26,25.0,210,20.0,Liabilities,Liabilities,+,,182.0
27,26.0,2200,210.0,Current Liabilities,Liabilities,+,,182.0
28,27.0,2210,2200.0,Notes Payable,Liabilities,+,,182.0
29,27.0,2230,2200.0,Accounts Payable,Liabilities,+,,182.0
30,27.0,2300,2200.0,Accrued Expenses,Liabilities,+,,182.0
31,30.0,2310,2300.0,Salary & Other Comp,Liabilities,+,,182.0
32,30.0,2320,2300.0,Insurance,Liabilities,+,,182.0
33,30.0,2330,2300.0,Warranties,Liabilities,+,,182.0
34,27.0,2340,2200.0,Intercompany Payables,Liabilities,+,,182.0
35,27.0,2350,2200.0,Other Current Liabilities,Liabilities,+,,182.0
36,26.0,2400,210.0,Long Term Liabilities,Liabilities,+,,182.0
37,36.0,2410,2400.0,Long Term Obligations,Liabilities,+,,182.0
38,36.0,2420,2400.0,Pension Liability,Liabilities,+,,182.0
39,36.0,2430,2400.0,Other Retirement Benefits,Liabilities,+,,182.0
40,36.0,2440,2400.0,Other Long Term Liabilities,Liabilities,+,,182.0
41,25.0,300,20.0,Owners Equity,Liabilities,+,,182.0
42,41.0,3010,300.0,Partner Capital,Liabilities,+,,182.0
43,41.0,3020,300.0,Additional Paid In Capital,Liabilities,+,,182.0
44,41.0,3030,300.0,Retained Earnings,Liabilities,+,,182.0
45,44.0,3540,3030.0,Prior Year Retained Earnings,Liabilities,+,,182.0
46,44.0,3550,3030.0,Current Retained Earnings,Liabilities,+,,182.0
47,,4,,Net Income,Revenue,+,,220.0
48,47.0,40,4.0,Operating Profit,Revenue,+,,220.0
49,48.0,400,40.0,Gross Margin,Revenue,+,,220.0
50,49.0,4100,400.0,Net Sales,Revenue,+,,220.0
51,50.0,4110,4100.0,Gross Sales,Revenue,+,,220.0
52,51.0,4500,4110.0,Intercompany Sales,Revenue,+,,220.0
53,50.0,4130,4100.0,Returns and Adjustments,Expenditures,-,,220.0
54,50.0,4140,4100.0,Discounts,Expenditures,-,,220.0
55,49.0,5000,400.0,Total Cost of Sales,Expenditures,-,,220.0
56,55.0,5020,5000.0,Standard Cost of Sales,Expenditures,+,,220.0
57,55.0,5050,5000.0,Variances,Expenditures,+,,220.0
58,48.0,60,40.0,Operating Expenses,Expenditures,-,,220.0
59,58.0,600,60.0,Labor Expenses,Expenditures,+,,220.0
60,59.0,6000,600.0,Salaries,Expenditures,+,,220.0
61,59.0,6020,600.0,Payroll Taxes,Expenditures,+,,220.0
62,59.0,6040,600.0,Employee Benefits,Expenditures,+,,220.0
63,58.0,6100,60.0,Commissions,Expenditures,+,,220.0
64,58.0,620,60.0,Travel Expenses,Expenditures,+,,220.0
65,64.0,6200,620.0,Travel Transportation,Expenditures,+,,220.0
66,64.0,6210,620.0,Travel Lodging,Expenditures,+,,220.0
67,64.0,6220,620.0,Meals,Expenditures,+,,220.0
68,64.0,6230,620.0,Entertainment,Expenditures,+,,220.0
69,64.0,6240,620.0,Other Travel Related,Expenditures,+,,220.0
70,58.0,630,60.0,Marketing,Expenditures,+,,220.0
71,70.0,6300,630.0,Conferences,Expenditures,+,,220.0
72,70.0,6310,630.0,Marketing Collateral,Expenditures,+,,220.0
73,58.0,6400,60.0,Office Supplies,Expenditures,+,,220.0
74,58.0,6500,60.0,Professional Services,Expenditures,+,,220.0
75,58.0,660,60.0,Telephone and Utilities,Expenditures,+,,220.0
76,75.0,6610,660.0,Telephone,Expenditures,+,,220.0
77,75.0,6620,660.0,Utilities,Expenditures,+,,220.0
78,58.0,6700,60.0,Other Expenses,Expenditures,+,,220.0
79,58.0,680,60.0,Depreciation,Expenditures,+,,220.0
80,79.0,6810,680.0,Building Leasehold,Expenditures,+,,220.0
81,79.0,6820,680.0,Vehicles,Expenditures,+,,220.0
82,79.0,6830,680.0,Equipment,Expenditures,+,,220.0
83,79.0,6840,680.0,Furniture and Fixtures,Expenditures,+,,220.0
84,79.0,6850,680.0,Other Assets,Expenditures,+,,220.0
85,79.0,6860,680.0,Amortization of Goodwill,Expenditures,+,,220.0
87,58.0,6920,60.0,Rent,Expenditures,+,,220.0
88,47.0,80,4.0,Other Income and Expense,Revenue,+,,220.0
89,88.0,8000,80.0,Interest Income,Revenue,+,,220.0
90,88.0,8010,80.0,Interest Expense,Expenditures,-,,220.0
91,88.0,8020,80.0,Gain/Loss on Sales of Asset,Revenue,+,,220.0
92,88.0,8030,80.0,Other Income,Revenue,+,,220.0
93,88.0,8040,80.0,Curr Xchg Gain/(Loss),Revenue,+,,220.0
94,47.0,8500,4.0,Taxes,Expenditures,-,,220.0
95,,9500,,Statistical Accounts,Statistical,~,,
96,95.0,9510,9500.0,Headcount,Balances,~,,
97,95.0,9520,9500.0,Units,Flow,~,,
98,95.0,9530,9500.0,Average Unit Price,Balances,~,[Account].[Accounts].&[50] / [Account].[Accounts].&[97],
99,95.0,9540,9500.0,Square Footage,Balances,~,,
100,27.0,2220,2200.0,Current Installments of Long-term Debt,Liabilities,+,,182.0
101,51.0,4200,4110.0,Trade Sales,Revenue,+,,220.0
